,ID,capacity,floor,group,feature
1,A1002,4,10,A,Normal
2,A1003,4,10,A,Normal
3,A1005,4,10,A,Normal
4,A1006,4,10,A,Normal
5,A1007,4,10,A,Normal
6,A1008,4,10,A,Normal
7,A1009,4,10,A,Normal
8,A1010,4,10,A,Normal
9,B1011,4,10,B,Normal
10,B1012,4,10,B,Normal
11,B1013,4,10,B,Normal
12,B1015,1,10,B,Single
13,B1016,1,10,B,Isolation
14,B1017,1,10,B,Single
15,B1018,1,10,B,Single
16,B1019,1,10,B,Single
17,B1020,2,10,B,Double
18,B1021,2,10,B,Double
19,B1022,4,10,B,Normal
20,B1023,4,10,B,Normal
21,B1025,4,10,B,Normal
22,A1026,4,10,A,Normal
23,A1027,4,10,A,Normal
1,B911,2,9,B,Normal
2,B912,4,9,B,Normal
3,B913,4,9,B,Normal
4,B915,4,9,B,HA
5,B916,1,9,B,Isolation
6,B917,1,9,B,Isolation
7,B918,4,9,B,HA
8,B919,4,9,B,HA
1,C801,1,8,C,Single
2,C802,1,8,C,Single
3,C803,1,8,C,Single
4,C805,1,8,C,Single
5,C806,1,8,C,Single
6,C807,1,8,C,Single
7,C808,1,8,C,Single
8,C809,1,8,C,Single
9,C810,1,8,C,Single
10,C811,1,8,C,Single
11,C812,1,8,C,Single
12,C813,1,8,C,Single
13,C815,1,8,C,Single
14,C816,1,8,C,Single
15,C817,1,8,C,Single
1,C701,4,7,C,Normal
2,C702,4,7,C,Normal
3,C703,4,7,C,Normal
4,C705,4,7,C,Normal
5,C706,1,7,C,Single
6,C707,1,7,C,Single
7,C708,1,7,C,Single
8,C709,1,7,C,Single
9,C710,4,7,C,Normal
10,C711,2,7,C,Double
11,C712,2,7,C,Double
12,C713,2,7,C,Double
13,C715,2,7,C,Double
