,ID,gender,admission,discharge,preference,
1,Patient576,F,2023/6/10,2023/6/12,4,Medical
2,Patient207,M,2023/6/1,2023/6/8,4,Medical
3,Patient208,F,2023/6/1,2023/6/7,4,Medical
4,Patient264,F,2023/6/2,2023/6/8,4,Ortho
5,Patient518,M,2023/6/8,2023/6/10,4,Medical
6,Patient609,F,2023/6/10,2023/6/12,4,Medical
7,Patient210,M,2023/6/1,2023/6/7,4,Surgical
8,Patient98,M,2023/6/1,2023/6/4,4,Surgical
9,Patient547,M,2023/6/9,2023/6/11,4,Medical
10,Patient340,F,2023/6/3,2023/6/9,4,Medical
11,Patient170,M,2023/6/1,2023/6/6,4,Ortho
12,Patient92,F,2023/6/1,2023/6/6,4,Surgical
13,Patient476,F,2023/6/5,2023/6/9,4,Medical
14,Patient464,M,2023/6/5,2023/6/6,4,Medical
15,Patient303,F,2023/6/3,2023/6/5,4,Ortho
16,Patient424,F,2023/6/5,2023/6/7,4,Ortho
17,Patient99,M,2023/6/1,2023/6/4,4,Ortho
18,Patient380,M,2023/6/4,2023/6/8,4,Ortho
19,Patient185,F,2023/6/1,2023/6/9,4,Medical
20,Patient559,F,2023/6/9,2023/6/15,4,Medical
21,Patient258,M,2023/6/2,2023/6/4,4,Surgical
22,Patient260,M,2023/6/2,2023/6/3,4,Surgical
23,Patient450,F,2023/6/5,2023/6/14,4,Surgical
24,Patient381,F,2023/6/4,2023/6/10,4,Surgical
25,Patient30,F,2023/6/1,2023/6/1,4,Medical
26,Patient102,F,2023/6/1,2023/6/3,4,Ortho
27,Patient10,F,2023/6/1,2023/6/1,4,Ortho
28,Patient167,M,2023/6/1,2023/6/8,4,Surgical
29,Patient206,F,2023/6/1,2023/6/9,4,Surgical
30,Patient388,M,2023/6/4,2023/6/11,4,Medical
31,Patient390,M,2023/6/4,2023/6/5,4,Surgical
32,Patient384,M,2023/6/4,2023/6/5,4,Ortho
33,Patient489,M,2023/6/6,2023/6/7,4,Medical
34,Patient100,F,2023/6/1,2023/6/1,4,Ortho
35,Patient249,M,2023/6/2,2023/6/3,4,Surgical
36,Patient19,F,2023/6/1,2023/6/4,4,Surgical
37,Patient615,M,2023/6/11,2023/6/18,4,Ortho
38,Patient398,M,2023/6/4,2023/6/10,4,Medical
39,Patient346,M,2023/6/3,2023/6/4,4,Ortho
40,Patient632,F,2023/6/11,2023/6/13,4,Ortho
41,Patient477,M,2023/6/5,2023/6/14,4,Surgical
42,Patient109,M,2023/6/1,2023/6/6,4,Surgical
43,Patient534,F,2023/6/8,2023/6/9,4,Medical
44,Patient505,M,2023/6/7,2023/6/8,4,Surgical
45,Patient281,F,2023/6/2,2023/6/8,4,Medical
46,Patient106,M,2023/6/1,2023/6/3,4,Ortho
47,Patient394,M,2023/6/4,2023/6/5,4,Medical
48,Patient493,F,2023/6/6,2023/6/13,4,Ortho
49,Patient539,F,2023/6/8,2023/6/10,4,Ortho
50,Patient618,M,2023/6/11,2023/6/17,4,Medical
