,ID,gender,admission,discharge,preference,
1,Patient105,F,2023/6/1,2023/6/4,4,Ortho
2,Patient606,M,2023/6/10,2023/6/18,4,Surgical
3,Patient572,F,2023/6/9,2023/6/10,4,Surgical
4,Patient403,F,2023/6/4,2023/6/5,4,Medical
5,Patient101,M,2023/6/1,2023/6/4,4,Ortho
6,Patient397,F,2023/6/4,2023/6/10,4,Ortho
7,Patient74,M,2023/6/1,2023/6/5,4,Surgical
8,Patient246,F,2023/6/2,2023/6/11,4,Surgical
9,Patient439,F,2023/6/5,2023/6/11,4,Ortho
10,Patient483,F,2023/6/6,2023/6/15,4,Surgical
11,Patient103,F,2023/6/1,2023/6/6,4,Surgical
12,Patient596,M,2023/6/10,2023/6/12,4,Medical
13,Patient445,F,2023/6/5,2023/6/6,4,Surgical
14,Patient50,M,2023/6/1,2023/6/3,4,Ortho
15,Patient412,F,2023/6/4,2023/6/12,4,Medical
16,Patient87,F,2023/6/1,2023/6/3,4,Medical
17,Patient485,F,2023/6/6,2023/6/8,4,Ortho
18,Patient299,M,2023/6/3,2023/6/5,4,Surgical
19,Patient33,F,2023/6/1,2023/6/3,4,Ortho
20,Patient132,F,2023/6/1,2023/6/5,4,Surgical
21,Patient173,F,2023/6/1,2023/6/1,4,Medical
22,Patient268,M,2023/6/2,2023/6/10,4,Surgical
23,Patient297,M,2023/6/3,2023/6/4,4,Medical
24,Patient193,M,2023/6/1,2023/6/2,4,Medical
25,Patient504,F,2023/6/7,2023/6/13,4,Medical
26,Patient315,F,2023/6/3,2023/6/4,4,Ortho
27,Patient200,F,2023/6/1,2023/6/5,4,Ortho
28,Patient683,M,2023/6/13,2023/6/15,4,Medical
29,Patient542,M,2023/6/8,2023/6/15,4,Ortho
30,Patient578,F,2023/6/10,2023/6/12,4,Ortho
31,Patient600,F,2023/6/10,2023/6/17,4,Medical
32,Patient597,F,2023/6/10,2023/6/12,4,Surgical
33,Patient119,M,2023/6/1,2023/6/4,4,Surgical
34,Patient309,M,2023/6/3,2023/6/9,4,Medical
35,Patient222,F,2023/6/1,2023/6/2,4,Surgical
36,Patient112,M,2023/6/1,2023/6/3,4,Ortho
37,Patient81,M,2023/6/1,2023/6/3,4,Surgical
38,Patient617,M,2023/6/11,2023/6/12,4,Medical
39,Patient62,F,2023/6/1,2023/6/3,4,Medical
40,Patient108,M,2023/6/1,2023/6/4,4,Ortho
41,Patient31,F,2023/6/1,2023/6/1,4,Ortho
42,Patient86,F,2023/6/1,2023/6/3,4,Surgical
43,Patient52,M,2023/6/1,2023/6/5,4,Ortho
44,Patient447,F,2023/6/5,2023/6/6,4,Medical
45,Patient295,M,2023/6/3,2023/6/10,4,Medical
46,Patient556,M,2023/6/9,2023/6/15,4,Ortho
47,Patient535,M,2023/6/8,2023/6/14,4,Medical
48,Patient564,M,2023/6/9,2023/6/10,4,Surgical
49,Patient452,M,2023/6/5,2023/6/6,4,Ortho
50,Patient538,M,2023/6/8,2023/6/9,4,Medical
