,ID,gender,admission,discharge,preference,
1,Patient409,F,2023/6/4,2023/6/6,4,Medical
2,Patient434,F,2023/6/5,2023/6/9,4,Medical
3,Patient172,M,2023/6/1,2023/6/6,4,Surgical
4,Patient435,F,2023/6/5,2023/6/7,4,Medical
5,Patient134,M,2023/6/1,2023/6/2,4,Ortho
6,Patient232,F,2023/6/1,2023/6/5,4,Surgical
7,Patient688,F,2023/6/14,2023/6/20,4,Ortho
8,Patient32,M,2023/6/1,2023/6/3,4,Ortho
9,Patient423,M,2023/6/5,2023/6/11,4,Ortho
10,Patient514,M,2023/6/7,2023/6/11,4,Ortho
11,Patient353,M,2023/6/4,2023/6/6,4,Surgical
12,Patient48,M,2023/6/1,2023/6/1,4,Surgical
13,Patient216,F,2023/6/1,2023/6/8,4,Surgical
14,Patient280,M,2023/6/2,2023/6/11,4,Ortho
15,Patient378,M,2023/6/4,2023/6/10,4,Ortho
16,Patient254,M,2023/6/2,2023/6/9,4,Medical
17,Patient61,M,2023/6/1,2023/6/2,4,Medical
18,Patient456,M,2023/6/5,2023/6/14,4,Ortho
19,Patient544,M,2023/6/8,2023/6/15,4,Surgical
20,Patient558,F,2023/6/9,2023/6/17,4,Medical
21,Patient443,M,2023/6/5,2023/6/12,4,Ortho
22,Patient411,M,2023/6/4,2023/6/10,4,Medical
23,Patient49,M,2023/6/1,2023/6/4,4,Surgical
24,Patient155,M,2023/6/1,2023/6/5,4,Ortho
25,Patient571,F,2023/6/9,2023/6/10,4,Surgical
26,Patient147,M,2023/6/1,2023/6/5,4,Surgical
27,Patient658,M,2023/6/12,2023/6/18,4,Medical
28,Patient270,F,2023/6/2,2023/6/4,4,Surgical
29,Patient663,F,2023/6/12,2023/6/18,4,Medical
30,Patient626,F,2023/6/11,2023/6/12,4,Ortho
31,Patient533,M,2023/6/8,2023/6/17,4,Medical
32,Patient58,F,2023/6/1,2023/6/5,4,Medical
33,Patient407,F,2023/6/4,2023/6/5,4,Medical
34,Patient511,F,2023/6/7,2023/6/15,4,Medical
35,Patient550,M,2023/6/9,2023/6/15,4,Medical
36,Patient652,F,2023/6/12,2023/6/14,4,Surgical
37,Patient387,M,2023/6/4,2023/6/5,4,Ortho
38,Patient446,F,2023/6/5,2023/6/11,4,Ortho
39,Patient451,F,2023/6/5,2023/6/6,4,Surgical
40,Patient317,M,2023/6/3,2023/6/9,4,Medical
41,Patient308,F,2023/6/3,2023/6/5,4,Medical
42,Patient562,F,2023/6/9,2023/6/10,4,Surgical
43,Patient115,M,2023/6/1,2023/6/6,4,Ortho
44,Patient289,F,2023/6/2,2023/6/6,4,Ortho
45,Patient24,M,2023/6/1,2023/6/2,4,Surgical
46,Patient357,M,2023/6/4,2023/6/5,4,Ortho
47,Patient405,M,2023/6/4,2023/6/6,4,Ortho
48,Patient437,F,2023/6/5,2023/6/14,4,Ortho
49,Patient510,F,2023/6/7,2023/6/13,4,Ortho
50,Patient140,M,2023/6/1,2023/6/4,4,Medical
