,ID,gender,admission,discharge,preference,
1,Patient475,M,2023/6/5,2023/6/7,4,Medical
2,Patient611,F,2023/6/10,2023/6/17,4,Medical
3,Patient271,M,2023/6/2,2023/6/11,4,Surgical
4,Patient329,F,2023/6/3,2023/6/9,4,Medical
5,Patient279,M,2023/6/2,2023/6/9,4,Ortho
6,Patient38,F,2023/6/1,2023/6/2,4,Medical
7,Patient327,M,2023/6/3,2023/6/9,4,Medical
8,Patient502,M,2023/6/7,2023/6/15,4,Ortho
9,Patient300,M,2023/6/3,2023/6/9,4,Medical
10,Patient685,M,2023/6/14,2023/6/16,4,Medical
11,Patient427,F,2023/6/5,2023/6/6,4,Medical
12,Patient89,F,2023/6/1,2023/6/3,4,Ortho
13,Patient488,F,2023/6/6,2023/6/7,4,Medical
14,Patient302,M,2023/6/3,2023/6/4,4,Medical
15,Patient321,M,2023/6/3,2023/6/5,4,Ortho
16,Patient114,F,2023/6/1,2023/6/3,4,Medical
17,Patient352,M,2023/6/4,2023/6/13,4,Surgical
18,Patient680,F,2023/6/13,2023/6/20,4,Surgical
19,Patient418,M,2023/6/4,2023/6/6,4,Ortho
20,Patient400,F,2023/6/4,2023/6/5,4,Surgical
21,Patient654,M,2023/6/12,2023/6/18,4,Ortho
22,Patient629,F,2023/6/11,2023/6/12,4,Surgical
23,Patient17,M,2023/6/1,2023/6/3,4,Medical
24,Patient521,M,2023/6/8,2023/6/17,4,Surgical
25,Patient364,M,2023/6/4,2023/6/5,4,Ortho
26,Patient220,F,2023/6/1,2023/6/2,4,Medical
27,Patient164,F,2023/6/1,2023/6/7,4,Medical
28,Patient181,F,2023/6/1,2023/6/7,4,Surgical
29,Patient163,F,2023/6/1,2023/6/4,4,Ortho
30,Patient661,F,2023/6/12,2023/6/13,4,Surgical
31,Patient337,M,2023/6/3,2023/6/10,4,Medical
32,Patient633,F,2023/6/11,2023/6/15,4,Medical
33,Patient678,M,2023/6/13,2023/6/20,4,Medical
34,Patient391,M,2023/6/4,2023/6/5,4,Ortho
35,Patient348,F,2023/6/4,2023/6/13,4,Ortho
36,Patient513,F,2023/6/7,2023/6/14,4,Ortho
37,Patient375,F,2023/6/4,2023/6/5,4,Ortho
38,Patient156,F,2023/6/1,2023/6/6,4,Medical
39,Patient51,M,2023/6/1,2023/6/2,4,Medical
40,Patient150,F,2023/6/1,2023/6/2,4,Ortho
41,Patient76,M,2023/6/1,2023/6/3,4,Ortho
42,Patient7,M,2023/6/1,2023/6/1,4,Medical
43,Patient625,F,2023/6/11,2023/6/18,4,Surgical
44,Patient107,M,2023/6/1,2023/6/5,4,Surgical
45,Patient585,F,2023/6/10,2023/6/17,4,Medical
46,Patient269,M,2023/6/2,2023/6/10,4,Medical
47,Patient219,M,2023/6/1,2023/6/7,4,Medical
48,Patient557,M,2023/6/9,2023/6/10,4,Surgical
49,Patient356,M,2023/6/4,2023/6/5,4,Medical
50,Patient616,F,2023/6/11,2023/6/12,4,Surgical
