,ID,gender,admission,discharge,preference,
1,Patient373,M,2023/6/4,2023/6/5,4,Ortho
2,Patient650,M,2023/6/12,2023/6/16,4,Ortho
3,Patient479,F,2023/6/6,2023/6/7,4,Medical
4,Patient25,M,2023/6/1,2023/6/1,4,Medical
5,Patient536,F,2023/6/8,2023/6/16,4,Surgical
6,Patient448,F,2023/6/5,2023/6/12,4,Surgical
7,Patient377,M,2023/6/4,2023/6/13,4,Surgical
8,Patient83,F,2023/6/1,2023/6/1,4,Ortho
9,Patient60,F,2023/6/1,2023/6/2,4,Surgical
10,Patient499,M,2023/6/7,2023/6/9,4,Surgical
11,Patient496,M,2023/6/6,2023/6/7,4,Surgical
12,Patient563,M,2023/6/9,2023/6/11,4,Medical
13,Patient184,F,2023/6/1,2023/6/7,4,Surgical
14,Patient331,F,2023/6/3,2023/6/4,4,Medical
15,Patient182,M,2023/6/1,2023/6/3,4,Surgical
16,Patient231,F,2023/6/1,2023/6/8,4,Surgical
17,Patient478,M,2023/6/5,2023/6/12,4,Surgical
18,Patient601,M,2023/6/10,2023/6/11,4,Medical
19,Patient125,F,2023/6/1,2023/6/4,4,Ortho
20,Patient259,F,2023/6/2,2023/6/9,4,Ortho
21,Patient261,F,2023/6/2,2023/6/10,4,Ortho
22,Patient548,F,2023/6/9,2023/6/15,4,Surgical
23,Patient42,F,2023/6/1,2023/6/1,4,Ortho
24,Patient646,F,2023/6/12,2023/6/14,4,Ortho
25,Patient90,M,2023/6/1,2023/6/1,4,Medical
26,Patient29,M,2023/6/1,2023/6/2,4,Ortho
27,Patient324,F,2023/6/3,2023/6/7,4,Surgical
28,Patient495,F,2023/6/6,2023/6/13,4,Ortho
29,Patient480,F,2023/6/6,2023/6/14,4,Surgical
30,Patient14,M,2023/6/1,2023/6/3,4,Surgical
31,Patient18,F,2023/6/1,2023/6/2,4,Medical
32,Patient161,F,2023/6/1,2023/6/2,4,Ortho
33,Patient627,M,2023/6/11,2023/6/12,4,Medical
34,Patient649,M,2023/6/12,2023/6/18,4,Medical
35,Patient406,F,2023/6/4,2023/6/11,4,Surgical
36,Patient431,M,2023/6/5,2023/6/11,4,Ortho
37,Patient593,M,2023/6/10,2023/6/17,4,Medical
38,Patient265,F,2023/6/2,2023/6/3,4,Ortho
39,Patient655,M,2023/6/12,2023/6/13,4,Medical
40,Patient589,M,2023/6/10,2023/6/17,4,Medical
41,Patient278,M,2023/6/2,2023/6/4,4,Surgical
42,Patient354,M,2023/6/4,2023/6/10,4,Ortho
43,Patient284,M,2023/6/2,2023/6/4,4,Ortho
44,Patient305,M,2023/6/3,2023/6/11,4,Surgical
45,Patient347,M,2023/6/3,2023/6/9,4,Medical
46,Patient343,M,2023/6/3,2023/6/5,4,Ortho
47,Patient395,F,2023/6/4,2023/6/5,4,Surgical
48,Patient8,M,2023/6/1,2023/6/3,4,Ortho
49,Patient238,M,2023/6/1,2023/6/5,4,Surgical
50,Patient429,M,2023/6/5,2023/6/11,4,Surgical
