,ID,gender,admission,discharge,preference,
1,Patient595,F,2023/6/10,2023/6/16,4,Surgical
2,Patient223,F,2023/6/1,2023/6/2,4,Medical
3,Patient565,M,2023/6/9,2023/6/15,4,Surgical
4,Patient603,F,2023/6/10,2023/6/17,4,Surgical
5,Patient486,M,2023/6/6,2023/6/13,4,Medical
6,Patient47,F,2023/6/1,2023/6/1,4,Surgical
7,Patient668,M,2023/6/12,2023/6/18,4,Surgical
8,Patient567,M,2023/6/9,2023/6/11,4,Medical
9,Patient133,M,2023/6/1,2023/6/4,4,Ortho
10,Patient553,M,2023/6/9,2023/6/10,4,Medical
11,Patient35,F,2023/6/1,2023/6/3,4,Medical
12,Patient241,M,2023/6/1,2023/6/2,4,Surgical
13,Patient679,F,2023/6/13,2023/6/20,4,Medical
14,Patient444,F,2023/6/5,2023/6/7,4,Surgical
15,Patient574,F,2023/6/9,2023/6/18,4,Surgical
16,Patient344,F,2023/6/3,2023/6/12,4,Medical
17,Patient653,F,2023/6/12,2023/6/14,4,Medical
18,Patient682,F,2023/6/13,2023/6/20,4,Surgical
19,Patient382,F,2023/6/4,2023/6/11,4,Surgical
20,Patient436,F,2023/6/5,2023/6/6,4,Medical
21,Patient487,F,2023/6/6,2023/6/7,4,Surgical
22,Patient319,M,2023/6/3,2023/6/9,4,Ortho
23,Patient546,M,2023/6/9,2023/6/15,4,Surgical
24,Patient577,M,2023/6/10,2023/6/18,4,Ortho
25,Patient79,F,2023/6/1,2023/6/4,4,Surgical
26,Patient195,M,2023/6/1,2023/6/7,4,Medical
27,Patient529,M,2023/6/8,2023/6/10,4,Surgical
28,Patient263,F,2023/6/2,2023/6/6,4,Surgical
29,Patient620,M,2023/6/11,2023/6/18,4,Medical
30,Patient358,M,2023/6/4,2023/6/12,4,Medical
31,Patient177,F,2023/6/1,2023/6/3,4,Medical
32,Patient645,F,2023/6/12,2023/6/13,4,Surgical
33,Patient82,M,2023/6/1,2023/6/4,4,Surgical
34,Patient250,M,2023/6/2,2023/6/8,4,Ortho
35,Patient44,M,2023/6/1,2023/6/2,4,Medical
36,Patient449,F,2023/6/5,2023/6/11,4,Ortho
37,Patient235,M,2023/6/1,2023/6/2,4,Medical
38,Patient677,M,2023/6/13,2023/6/22,4,Surgical
39,Patient320,M,2023/6/3,2023/6/4,4,Medical
40,Patient104,M,2023/6/1,2023/6/1,4,Medical
41,Patient582,F,2023/6/10,2023/6/11,4,Ortho
42,Patient291,M,2023/6/2,2023/6/8,4,Ortho
43,Patient296,M,2023/6/3,2023/6/11,4,Ortho
44,Patient135,F,2023/6/1,2023/6/7,4,Medical
45,Patient72,M,2023/6/1,2023/6/2,4,Surgical
46,Patient247,F,2023/6/2,2023/6/6,4,Medical
47,Patient194,M,2023/6/1,2023/6/5,4,Ortho
48,Patient342,F,2023/6/3,2023/6/4,4,Medical
49,Patient520,M,2023/6/8,2023/6/14,4,Ortho
50,Patient612,F,2023/6/11,2023/6/18,4,Medical
