,ID,gender,admission,discharge,preference,
1,Patient465,F,2023/6/5,2023/6/12,4,Ortho
2,Patient64,M,2023/6/1,2023/6/4,4,Surgical
3,Patient298,F,2023/6/3,2023/6/5,4,Ortho
4,Patient209,F,2023/6/1,2023/6/8,4,Medical
5,Patient399,F,2023/6/4,2023/6/5,4,Medical
6,Patient341,F,2023/6/3,2023/6/9,4,Surgical
7,Patient160,F,2023/6/1,2023/6/6,4,Medical
8,Patient227,M,2023/6/1,2023/6/2,4,Medical
9,Patient21,M,2023/6/1,2023/6/1,4,Medical
10,Patient148,F,2023/6/1,2023/6/4,4,Ortho
11,Patient494,M,2023/6/6,2023/6/15,4,Ortho
12,Patient531,F,2023/6/8,2023/6/14,4,Surgical
13,Patient239,F,2023/6/1,2023/6/3,4,Medical
14,Patient282,M,2023/6/2,2023/6/9,4,Medical
15,Patient255,M,2023/6/2,2023/6/3,4,Medical
16,Patient97,F,2023/6/1,2023/6/4,4,Ortho
17,Patient253,F,2023/6/2,2023/6/4,4,Medical
18,Patient159,M,2023/6/1,2023/6/7,4,Ortho
19,Patient179,F,2023/6/1,2023/6/5,4,Ortho
20,Patient367,M,2023/6/4,2023/6/10,4,Medical
21,Patient70,F,2023/6/1,2023/6/5,4,Medical
22,Patient276,F,2023/6/2,2023/6/8,4,Ortho
23,Patient197,F,2023/6/1,2023/6/7,4,Medical
24,Patient472,F,2023/6/5,2023/6/6,4,Surgical
25,Patient644,F,2023/6/12,2023/6/21,4,Medical
26,Patient333,M,2023/6/3,2023/6/4,4,Surgical
27,Patient287,F,2023/6/2,2023/6/11,4,Ortho
28,Patient466,F,2023/6/5,2023/6/7,4,Medical
29,Patient351,M,2023/6/4,2023/6/10,4,Medical
30,Patient568,F,2023/6/9,2023/6/10,4,Ortho
31,Patient203,M,2023/6/1,2023/6/2,4,Surgical
32,Patient669,M,2023/6/12,2023/6/19,4,Medical
33,Patient158,F,2023/6/1,2023/6/1,4,Medical
34,Patient599,F,2023/6/10,2023/6/11,4,Surgical
35,Patient441,M,2023/6/5,2023/6/6,4,Medical
36,Patient549,M,2023/6/9,2023/6/17,4,Medical
37,Patient383,F,2023/6/4,2023/6/5,4,Ortho
38,Patient527,F,2023/6/8,2023/6/9,4,Surgical
39,Patient515,M,2023/6/8,2023/6/9,4,Ortho
40,Patient153,F,2023/6/1,2023/6/7,4,Ortho
41,Patient78,M,2023/6/1,2023/6/4,4,Ortho
42,Patient684,F,2023/6/14,2023/6/21,4,Surgical
43,Patient532,F,2023/6/8,2023/6/15,4,Ortho
44,Patient631,F,2023/6/11,2023/6/13,4,Surgical
45,Patient414,F,2023/6/4,2023/6/8,4,Medical
46,Patient149,F,2023/6/1,2023/6/5,4,Surgical
47,Patient110,M,2023/6/1,2023/6/5,4,Ortho
48,Patient40,F,2023/6/1,2023/6/1,4,Surgical
49,Patient614,F,2023/6/11,2023/6/13,4,Surgical
50,Patient243,F,2023/6/1,2023/6/8,4,Surgical
