,ID,gender,admission,discharge,preference,
1,Patient628,M,2023/6/11,2023/6/13,4,Ortho
2,Patient96,F,2023/6/1,2023/6/1,4,Surgical
3,Patient541,M,2023/6/8,2023/6/9,4,Surgical
4,Patient665,F,2023/6/12,2023/6/20,4,Ortho
5,Patient673,F,2023/6/13,2023/6/14,4,Medical
6,Patient537,M,2023/6/8,2023/6/9,4,Ortho
7,Patient1,F,2023/6/1,2023/6/2,4,Surgical
8,Patient492,M,2023/6/6,2023/6/7,4,Medical
9,Patient330,M,2023/6/3,2023/6/4,4,Medical
10,Patient73,F,2023/6/1,2023/6/4,4,Medical
11,Patient286,F,2023/6/2,2023/6/6,4,Medical
12,Patient95,F,2023/6/1,2023/6/4,4,Ortho
13,Patient225,F,2023/6/1,2023/6/7,4,Surgical
14,Patient77,F,2023/6/1,2023/6/1,4,Surgical
15,Patient169,F,2023/6/1,2023/6/7,4,Ortho
16,Patient613,M,2023/6/11,2023/6/17,4,Medical
17,Patient215,F,2023/6/1,2023/6/2,4,Ortho
18,Patient237,M,2023/6/1,2023/6/3,4,Ortho
19,Patient244,M,2023/6/2,2023/6/9,4,Medical
20,Patient187,F,2023/6/1,2023/6/9,4,Surgical
21,Patient273,M,2023/6/2,2023/6/4,4,Surgical
22,Patient202,M,2023/6/1,2023/6/3,4,Ortho
23,Patient530,M,2023/6/8,2023/6/9,4,Medical
24,Patient304,F,2023/6/3,2023/6/10,4,Ortho
25,Patient3,F,2023/6/1,2023/6/3,4,Ortho
26,Patient482,F,2023/6/6,2023/6/13,4,Medical
27,Patient144,M,2023/6/1,2023/6/4,4,Medical
28,Patient94,F,2023/6/1,2023/6/3,4,Surgical
29,Patient175,F,2023/6/1,2023/6/2,4,Surgical
30,Patient586,F,2023/6/10,2023/6/19,4,Surgical
31,Patient458,F,2023/6/5,2023/6/14,4,Surgical
32,Patient366,F,2023/6/4,2023/6/6,4,Medical
33,Patient594,F,2023/6/10,2023/6/17,4,Surgical
34,Patient508,F,2023/6/7,2023/6/16,4,Surgical
35,Patient608,M,2023/6/10,2023/6/17,4,Ortho
36,Patient12,F,2023/6/1,2023/6/1,4,Medical
37,Patient610,M,2023/6/10,2023/6/11,4,Surgical
38,Patient630,M,2023/6/11,2023/6/12,4,Surgical
39,Patient123,M,2023/6/1,2023/6/6,4,Medical
40,Patient242,M,2023/6/1,2023/6/7,4,Medical
41,Patient198,F,2023/6/1,2023/6/8,4,Ortho
42,Patient307,M,2023/6/3,2023/6/12,4,Surgical
43,Patient497,F,2023/6/7,2023/6/16,4,Ortho
44,Patient523,M,2023/6/8,2023/6/15,4,Ortho
45,Patient393,M,2023/6/4,2023/6/11,4,Ortho
46,Patient681,M,2023/6/13,2023/6/17,4,Ortho
47,Patient165,F,2023/6/1,2023/6/1,4,Medical
48,Patient248,F,2023/6/2,2023/6/3,4,Medical
49,Patient131,F,2023/6/1,2023/6/5,4,Ortho
50,Patient408,F,2023/6/4,2023/6/5,4,Medical
