,ID,gender,admission,discharge,preference,
1,Patient413,F,2023/6/4,2023/6/5,4,Medical
2,Patient312,M,2023/6/3,2023/6/4,4,Medical
3,Patient361,M,2023/6/4,2023/6/6,4,Surgical
4,Patient426,F,2023/6/5,2023/6/11,4,Surgical
5,Patient136,F,2023/6/1,2023/6/4,4,Surgical
6,Patient639,F,2023/6/11,2023/6/20,4,Surgical
7,Patient310,M,2023/6/3,2023/6/4,4,Medical
8,Patient588,M,2023/6/10,2023/6/12,4,Surgical
9,Patient39,M,2023/6/1,2023/6/1,4,Surgical
10,Patient36,F,2023/6/1,2023/6/2,4,Ortho
11,Patient540,F,2023/6/8,2023/6/9,4,Ortho
12,Patient285,M,2023/6/2,2023/6/9,4,Surgical
13,Patient583,F,2023/6/10,2023/6/16,4,Ortho
14,Patient491,F,2023/6/6,2023/6/15,4,Surgical
15,Patient560,M,2023/6/9,2023/6/16,4,Ortho
16,Patient126,M,2023/6/1,2023/6/5,4,Surgical
17,Patient338,F,2023/6/3,2023/6/9,4,Ortho
18,Patient607,F,2023/6/10,2023/6/16,4,Ortho
19,Patient180,F,2023/6/1,2023/6/9,4,Ortho
20,Patient218,M,2023/6/1,2023/6/8,4,Ortho
21,Patient573,F,2023/6/9,2023/6/15,4,Medical
22,Patient642,M,2023/6/12,2023/6/16,4,Ortho
23,Patient425,F,2023/6/5,2023/6/14,4,Medical
24,Patient151,M,2023/6/1,2023/6/6,4,Surgical
25,Patient314,M,2023/6/3,2023/6/4,4,Ortho
26,Patient421,M,2023/6/5,2023/6/11,4,Medical
27,Patient118,M,2023/6/1,2023/6/4,4,Medical
28,Patient468,F,2023/6/5,2023/6/11,4,Medical
29,Patient2,F,2023/6/1,2023/6/1,4,Ortho
30,Patient75,M,2023/6/1,2023/6/6,4,Ortho
31,Patient191,M,2023/6/1,2023/6/2,4,Medical
32,Patient643,F,2023/6/12,2023/6/14,4,Medical
33,Patient671,F,2023/6/12,2023/6/18,4,Surgical
34,Patient552,F,2023/6/9,2023/6/16,4,Medical
35,Patient201,F,2023/6/1,2023/6/2,4,Medical
36,Patient662,M,2023/6/12,2023/6/19,4,Medical
37,Patient467,F,2023/6/5,2023/6/7,4,Ortho
38,Patient674,F,2023/6/13,2023/6/22,4,Surgical
39,Patient666,M,2023/6/12,2023/6/13,4,Ortho
40,Patient370,F,2023/6/4,2023/6/6,4,Surgical
41,Patient224,F,2023/6/1,2023/6/3,4,Surgical
42,Patient128,M,2023/6/1,2023/6/4,4,Medical
43,Patient463,F,2023/6/5,2023/6/11,4,Ortho
44,Patient659,F,2023/6/12,2023/6/13,4,Medical
45,Patient524,F,2023/6/8,2023/6/15,4,Surgical
46,Patient462,M,2023/6/5,2023/6/6,4,Medical
47,Patient205,M,2023/6/1,2023/6/3,4,Ortho
48,Patient91,F,2023/6/1,2023/6/3,4,Ortho
49,Patient635,M,2023/6/11,2023/6/17,4,Surgical
50,Patient498,M,2023/6/7,2023/6/15,4,Medical
