,ID,gender,admission,discharge,preference,
1,Patient640,F,2023/06/11,2023/06/15,1,Ortho
2,Patient402,M,2023/06/04,2023/06/10,1,Medical
3,Patient63,F,2023/06/01,2023/06/02,4,Ortho
4,Patient555,F,2023/06/09,2023/06/11,1,Medical
5,Patient288,M,2023/06/02,2023/06/09,2,Ortho
6,Patient93,F,2023/06/01,2023/06/01,1,Ortho
7,Patient290,M,2023/06/02,2023/06/04,1,Surgical
8,Patient602,M,2023/06/10,2023/06/16,1,Surgical
9,Patient301,M,2023/06/03,2023/06/10,1,Medical
10,Patient675,M,2023/06/13,2023/06/15,1,Medical
11,Patient545,M,2023/06/08,2023/06/10,1,Surgical
12,Patient196,M,2023/06/01,2023/06/05,2,Surgical
13,Patient693,F,2023/06/14,2023/06/15,2,Medical
14,Patient168,M,2023/06/01,2023/06/08,2,Medical
15,Patient16,F,2023/06/01,2023/06/01,4,Medical
16,Patient440,M,2023/06/05,2023/06/07,4,Medical
17,Patient43,F,2023/06/01,2023/06/01,4,Surgical
18,Patient416,F,2023/06/04,2023/06/05,4,Medical
19,Patient664,M,2023/06/12,2023/06/14,2,Surgical
20,Patient389,M,2023/06/04,2023/06/06,4,Ortho
21,Patient430,F,2023/06/05,2023/06/06,4,Medical
22,Patient262,M,2023/06/02,2023/06/03,4,Medical
23,Patient68,F,2023/06/01,2023/06/02,1,Surgical
24,Patient266,M,2023/06/02,2023/06/11,2,Ortho
25,Patient251,M,2023/06/02,2023/06/03,4,Ortho
26,Patient236,F,2023/06/01,2023/06/02,2,Medical
27,Patient199,M,2023/06/01,2023/06/08,4,Ortho
28,Patient334,F,2023/06/03,2023/06/04,1,Surgical
29,Patient204,M,2023/06/01,2023/06/09,1,Ortho
30,Patient687,F,2023/06/14,2023/06/20,1,Surgical
31,Patient374,M,2023/06/04,2023/06/05,4,Ortho
32,Patient274,M,2023/06/02,2023/06/10,1,Medical
33,Patient623,M,2023/06/11,2023/06/12,1,Surgical
34,Patient543,M,2023/06/08,2023/06/09,2,Ortho
35,Patient226,F,2023/06/01,2023/06/07,4,Medical
36,Patient214,F,2023/06/01,2023/06/07,1,Ortho
37,Patient569,M,2023/06/09,2023/06/16,4,Ortho
38,Patient386,M,2023/06/04,2023/06/05,2,Ortho
39,Patient368,F,2023/06/04,2023/06/13,2,Surgical
40,Patient372,M,2023/06/04,2023/06/05,1,Medical
41,Patient641,M,2023/06/12,2023/06/18,1,Medical
42,Patient481,F,2023/06/06,2023/06/12,2,Ortho
43,Patient362,M,2023/06/04,2023/06/13,1,Surgical
44,Patient457,M,2023/06/05,2023/06/06,2,Ortho
45,Patient579,F,2023/06/10,2023/06/16,2,Ortho
46,Patient267,M,2023/06/02,2023/06/04,1,Medical
47,Patient28,M,2023/06/01,2023/06/01,1,Medical
48,Patient622,F,2023/06/11,2023/06/18,1,Surgical
49,Patient651,M,2023/06/12,2023/06/13,4,Medical
50,Patient345,F,2023/06/03,2023/06/04,2,Surgical
