,ID,gender,admission,discharge,preference,
1,Patient1,F,2023/06/01,2023/06/02,4,Surgical
2,Patient2,F,2023/06/01,2023/06/01,1,Ortho
3,Patient3,F,2023/06/01,2023/06/03,1,Surgical
4,Patient4,F,2023/06/01,2023/06/01,4,Ortho
5,Patient5,M,2023/06/01,2023/06/01,4,Surgical
6,Patient6,F,2023/06/01,2023/06/01,4,Ortho
7,Patient7,M,2023/06/01,2023/06/01,4,Medical
8,Patient8,M,2023/06/01,2023/06/03,1,Surgical
9,Patient9,M,2023/06/01,2023/06/01,1,Ortho
10,Patient10,F,2023/06/01,2023/06/01,2,Medical
11,Patient11,F,2023/06/01,2023/06/02,2,Medical
12,Patient12,F,2023/06/01,2023/06/01,4,Medical
13,Patient13,F,2023/06/01,2023/06/01,2,Surgical
14,Patient14,M,2023/06/01,2023/06/03,2,Ortho
15,Patient15,M,2023/06/01,2023/06/01,2,Medical
16,Patient16,F,2023/06/01,2023/06/01,4,Ortho
17,Patient17,M,2023/06/01,2023/06/03,2,Ortho
18,Patient18,F,2023/06/01,2023/06/02,4,Medical
19,Patient19,F,2023/06/01,2023/06/04,1,Ortho
20,Patient20,M,2023/06/01,2023/06/02,2,Medical
21,Patient21,M,2023/06/01,2023/06/01,4,Ortho
22,Patient22,F,2023/06/01,2023/06/01,4,Ortho
23,Patient23,F,2023/06/01,2023/06/02,1,Medical
24,Patient24,M,2023/06/01,2023/06/02,1,Surgical
25,Patient25,M,2023/06/01,2023/06/01,4,Ortho
26,Patient26,M,2023/06/01,2023/06/01,4,Ortho
27,Patient27,M,2023/06/01,2023/06/03,1,Medical
28,Patient28,M,2023/06/01,2023/06/01,1,Medical
29,Patient29,M,2023/06/01,2023/06/02,4,Ortho
30,Patient30,F,2023/06/01,2023/06/01,2,Surgical
31,Patient31,F,2023/06/01,2023/06/01,1,Medical
32,Patient32,M,2023/06/01,2023/06/03,1,Surgical
33,Patient33,F,2023/06/01,2023/06/03,2,Ortho
34,Patient34,M,2023/06/01,2023/06/02,4,Ortho
35,Patient35,F,2023/06/01,2023/06/03,4,Medical
36,Patient36,F,2023/06/01,2023/06/02,1,Medical
37,Patient37,M,2023/06/01,2023/06/01,2,Medical
38,Patient38,F,2023/06/01,2023/06/02,2,Surgical
39,Patient39,M,2023/06/01,2023/06/01,1,Medical
40,Patient40,F,2023/06/01,2023/06/01,1,Surgical
41,Patient41,M,2023/06/01,2023/06/04,4,Medical
42,Patient42,F,2023/06/01,2023/06/01,1,Ortho
43,Patient43,F,2023/06/01,2023/06/01,4,Ortho
44,Patient44,M,2023/06/01,2023/06/02,1,Medical
45,Patient45,M,2023/06/01,2023/06/02,2,Surgical
46,Patient46,M,2023/06/01,2023/06/01,2,Medical
47,Patient47,F,2023/06/01,2023/06/01,1,Ortho
48,Patient48,M,2023/06/01,2023/06/01,1,Ortho
49,Patient49,M,2023/06/01,2023/06/04,1,Medical
50,Patient50,M,2023/06/01,2023/06/03,4,Ortho
51,Patient51,M,2023/06/01,2023/06/02,4,Surgical
52,Patient52,M,2023/06/01,2023/06/05,2,Medical
53,Patient53,F,2023/06/01,2023/06/02,2,Medical
54,Patient54,F,2023/06/01,2023/06/02,1,Medical
55,Patient55,M,2023/06/01,2023/06/02,4,Ortho
56,Patient56,F,2023/06/01,2023/06/04,2,Surgical
57,Patient57,F,2023/06/01,2023/06/03,2,Medical
58,Patient58,F,2023/06/01,2023/06/05,2,Ortho
59,Patient59,F,2023/06/01,2023/06/05,4,Medical
60,Patient60,F,2023/06/01,2023/06/02,4,Medical
61,Patient61,M,2023/06/01,2023/06/02,1,Ortho
62,Patient62,F,2023/06/01,2023/06/03,2,Surgical
63,Patient63,F,2023/06/01,2023/06/02,4,Medical
64,Patient64,M,2023/06/01,2023/06/04,2,Ortho
65,Patient65,M,2023/06/01,2023/06/05,2,Ortho
66,Patient66,F,2023/06/01,2023/06/02,2,Ortho
67,Patient67,M,2023/06/01,2023/06/02,2,Ortho
68,Patient68,F,2023/06/01,2023/06/02,1,Ortho
69,Patient69,F,2023/06/01,2023/06/02,2,Ortho
70,Patient70,F,2023/06/01,2023/06/05,1,Ortho
71,Patient71,M,2023/06/01,2023/06/03,1,Surgical
72,Patient72,M,2023/06/01,2023/06/02,2,Medical
73,Patient73,F,2023/06/01,2023/06/04,2,Medical
74,Patient74,M,2023/06/01,2023/06/05,1,Ortho
75,Patient75,M,2023/06/01,2023/06/06,2,Medical
76,Patient76,M,2023/06/01,2023/06/03,1,Ortho
77,Patient77,F,2023/06/01,2023/06/01,2,Medical
78,Patient78,M,2023/06/01,2023/06/04,4,Surgical
79,Patient79,F,2023/06/01,2023/06/04,2,Ortho
80,Patient80,M,2023/06/01,2023/06/01,4,Medical
81,Patient81,M,2023/06/01,2023/06/03,1,Medical
82,Patient82,M,2023/06/01,2023/06/04,1,Ortho
83,Patient83,F,2023/06/01,2023/06/01,2,Ortho
84,Patient84,F,2023/06/01,2023/06/05,2,Ortho
85,Patient85,M,2023/06/01,2023/06/01,2,Ortho
86,Patient86,F,2023/06/01,2023/06/03,1,Surgical
87,Patient87,F,2023/06/01,2023/06/03,2,Ortho
88,Patient88,M,2023/06/01,2023/06/03,1,Medical
89,Patient89,F,2023/06/01,2023/06/03,2,Ortho
90,Patient90,M,2023/06/01,2023/06/01,4,Medical
91,Patient91,F,2023/06/01,2023/06/03,2,Medical
92,Patient92,F,2023/06/01,2023/06/06,1,Surgical
93,Patient93,F,2023/06/01,2023/06/01,1,Surgical
94,Patient94,F,2023/06/01,2023/06/03,4,Medical
95,Patient95,F,2023/06/01,2023/06/04,1,Surgical
96,Patient96,F,2023/06/01,2023/06/01,1,Ortho
97,Patient97,F,2023/06/01,2023/06/04,2,Surgical
98,Patient98,M,2023/06/01,2023/06/04,1,Surgical
99,Patient99,M,2023/06/01,2023/06/04,2,Ortho
100,Patient100,F,2023/06/01,2023/06/01,4,Ortho
101,Patient101,M,2023/06/01,2023/06/04,2,Surgical
102,Patient102,F,2023/06/01,2023/06/03,2,Surgical
103,Patient103,F,2023/06/01,2023/06/06,1,Ortho
104,Patient104,M,2023/06/01,2023/06/01,4,Medical
105,Patient105,F,2023/06/01,2023/06/04,4,Ortho
106,Patient106,M,2023/06/01,2023/06/03,1,Medical
107,Patient107,M,2023/06/01,2023/06/05,1,Ortho
108,Patient108,M,2023/06/01,2023/06/04,2,Ortho
109,Patient109,M,2023/06/01,2023/06/06,1,Medical
110,Patient110,M,2023/06/01,2023/06/05,1,Surgical
111,Patient111,M,2023/06/01,2023/06/03,4,Medical
112,Patient112,M,2023/06/01,2023/06/03,4,Surgical
113,Patient113,F,2023/06/01,2023/06/03,1,Surgical
114,Patient114,F,2023/06/01,2023/06/03,2,Ortho
115,Patient115,M,2023/06/01,2023/06/06,1,Medical
116,Patient116,M,2023/06/01,2023/06/01,4,Medical
117,Patient117,M,2023/06/01,2023/06/03,2,Surgical
118,Patient118,M,2023/06/01,2023/06/04,4,Ortho
119,Patient119,M,2023/06/01,2023/06/04,2,Medical
120,Patient120,M,2023/06/01,2023/06/07,4,Ortho
121,Patient121,M,2023/06/01,2023/06/06,1,Ortho
122,Patient122,F,2023/06/01,2023/06/02,1,Surgical
123,Patient123,M,2023/06/01,2023/06/06,2,Surgical
124,Patient124,M,2023/06/01,2023/06/04,4,Ortho
125,Patient125,F,2023/06/01,2023/06/04,4,Surgical
126,Patient126,M,2023/06/01,2023/06/05,1,Surgical
127,Patient127,F,2023/06/01,2023/06/07,2,Ortho
128,Patient128,M,2023/06/01,2023/06/04,2,Medical
129,Patient129,M,2023/06/01,2023/06/04,4,Surgical
130,Patient130,M,2023/06/01,2023/06/05,2,Ortho
131,Patient131,F,2023/06/01,2023/06/05,1,Medical
132,Patient132,F,2023/06/01,2023/06/05,1,Medical
133,Patient133,M,2023/06/01,2023/06/04,2,Ortho
134,Patient134,M,2023/06/01,2023/06/02,4,Surgical
135,Patient135,F,2023/06/01,2023/06/07,1,Surgical
136,Patient136,F,2023/06/01,2023/06/04,1,Surgical
137,Patient137,F,2023/06/01,2023/06/07,4,Ortho
138,Patient138,M,2023/06/01,2023/06/05,1,Surgical
139,Patient139,M,2023/06/01,2023/06/06,2,Surgical
140,Patient140,M,2023/06/01,2023/06/04,2,Surgical
141,Patient141,F,2023/06/01,2023/06/04,1,Ortho
142,Patient142,F,2023/06/01,2023/06/07,1,Ortho
143,Patient143,M,2023/06/01,2023/06/04,2,Medical
144,Patient144,M,2023/06/01,2023/06/04,1,Ortho
145,Patient145,F,2023/06/01,2023/06/04,2,Medical
146,Patient146,M,2023/06/01,2023/06/07,1,Surgical
147,Patient147,M,2023/06/01,2023/06/05,1,Surgical
148,Patient148,F,2023/06/01,2023/06/04,1,Medical
149,Patient149,F,2023/06/01,2023/06/05,4,Ortho
150,Patient150,F,2023/06/01,2023/06/02,2,Ortho
151,Patient151,M,2023/06/01,2023/06/06,1,Surgical
152,Patient152,M,2023/06/01,2023/06/01,1,Ortho
153,Patient153,F,2023/06/01,2023/06/07,1,Ortho
154,Patient154,M,2023/06/01,2023/06/05,4,Medical
155,Patient155,M,2023/06/01,2023/06/05,1,Surgical
156,Patient156,F,2023/06/01,2023/06/06,4,Surgical
157,Patient157,F,2023/06/01,2023/06/01,2,Ortho
158,Patient158,F,2023/06/01,2023/06/01,1,Medical
159,Patient159,M,2023/06/01,2023/06/07,4,Surgical
160,Patient160,F,2023/06/01,2023/06/06,1,Ortho
161,Patient161,F,2023/06/01,2023/06/02,1,Ortho
162,Patient162,M,2023/06/01,2023/06/02,1,Ortho
163,Patient163,F,2023/06/01,2023/06/04,4,Medical
164,Patient164,F,2023/06/01,2023/06/07,2,Medical
165,Patient165,F,2023/06/01,2023/06/01,1,Ortho
166,Patient166,F,2023/06/01,2023/06/04,4,Surgical
167,Patient167,M,2023/06/01,2023/06/08,4,Medical
168,Patient168,M,2023/06/01,2023/06/08,2,Surgical
169,Patient169,F,2023/06/01,2023/06/07,1,Surgical
170,Patient170,M,2023/06/01,2023/06/06,2,Medical
171,Patient171,F,2023/06/01,2023/06/02,2,Medical
172,Patient172,M,2023/06/01,2023/06/06,1,Ortho
173,Patient173,F,2023/06/01,2023/06/01,2,Medical
174,Patient174,M,2023/06/01,2023/06/02,2,Medical
175,Patient175,F,2023/06/01,2023/06/02,2,Medical
176,Patient176,M,2023/06/01,2023/06/03,2,Ortho
177,Patient177,F,2023/06/01,2023/06/03,1,Ortho
178,Patient178,F,2023/06/01,2023/06/07,1,Ortho
179,Patient179,F,2023/06/01,2023/06/05,2,Medical
180,Patient180,F,2023/06/01,2023/06/09,4,Ortho
181,Patient181,F,2023/06/01,2023/06/07,4,Medical
182,Patient182,M,2023/06/01,2023/06/03,4,Medical
183,Patient183,F,2023/06/01,2023/06/03,2,Medical
184,Patient184,F,2023/06/01,2023/06/07,2,Medical
185,Patient185,F,2023/06/01,2023/06/09,4,Ortho
186,Patient186,M,2023/06/01,2023/06/07,4,Ortho
187,Patient187,F,2023/06/01,2023/06/09,1,Surgical
188,Patient188,M,2023/06/01,2023/06/08,1,Medical
189,Patient189,F,2023/06/01,2023/06/10,2,Surgical
190,Patient190,M,2023/06/01,2023/06/07,1,Ortho
191,Patient191,M,2023/06/01,2023/06/02,2,Ortho
192,Patient192,F,2023/06/01,2023/06/02,1,Medical
193,Patient193,M,2023/06/01,2023/06/02,2,Surgical
194,Patient194,M,2023/06/01,2023/06/05,4,Medical
195,Patient195,M,2023/06/01,2023/06/07,4,Ortho
196,Patient196,M,2023/06/01,2023/06/05,2,Surgical
197,Patient197,F,2023/06/01,2023/06/07,4,Ortho
198,Patient198,F,2023/06/01,2023/06/08,2,Medical
199,Patient199,M,2023/06/01,2023/06/08,4,Medical
200,Patient200,F,2023/06/01,2023/06/05,1,Surgical
201,Patient201,F,2023/06/01,2023/06/02,2,Surgical
202,Patient202,M,2023/06/01,2023/06/03,2,Ortho
203,Patient203,M,2023/06/01,2023/06/02,1,Medical
204,Patient204,M,2023/06/01,2023/06/09,1,Ortho
205,Patient205,M,2023/06/01,2023/06/03,1,Medical
206,Patient206,F,2023/06/01,2023/06/09,2,Medical
207,Patient207,M,2023/06/01,2023/06/08,4,Ortho
208,Patient208,F,2023/06/01,2023/06/07,2,Medical
209,Patient209,F,2023/06/01,2023/06/08,4,Medical
210,Patient210,M,2023/06/01,2023/06/07,1,Surgical
211,Patient211,M,2023/06/01,2023/06/02,4,Medical
212,Patient212,F,2023/06/01,2023/06/07,1,Ortho
213,Patient213,M,2023/06/01,2023/06/07,1,Ortho
214,Patient214,F,2023/06/01,2023/06/07,1,Ortho
215,Patient215,F,2023/06/01,2023/06/02,1,Surgical
216,Patient216,F,2023/06/01,2023/06/08,4,Medical
217,Patient217,M,2023/06/01,2023/06/03,1,Ortho
218,Patient218,M,2023/06/01,2023/06/08,2,Medical
219,Patient219,M,2023/06/01,2023/06/07,4,Ortho
220,Patient220,F,2023/06/01,2023/06/02,4,Surgical
221,Patient221,F,2023/06/01,2023/06/02,1,Surgical
222,Patient222,F,2023/06/01,2023/06/02,4,Ortho
223,Patient223,F,2023/06/01,2023/06/02,1,Ortho
224,Patient224,F,2023/06/01,2023/06/03,1,Medical
225,Patient225,F,2023/06/01,2023/06/07,1,Surgical
226,Patient226,F,2023/06/01,2023/06/07,4,Ortho
227,Patient227,M,2023/06/01,2023/06/02,4,Medical
228,Patient228,M,2023/06/01,2023/06/03,1,Surgical
229,Patient229,F,2023/06/01,2023/06/02,2,Medical
230,Patient230,M,2023/06/01,2023/06/02,1,Ortho
231,Patient231,F,2023/06/01,2023/06/08,4,Surgical
232,Patient232,F,2023/06/01,2023/06/05,2,Surgical
233,Patient233,M,2023/06/01,2023/06/07,1,Medical
234,Patient234,F,2023/06/01,2023/06/02,4,Ortho
235,Patient235,M,2023/06/01,2023/06/02,4,Ortho
236,Patient236,F,2023/06/01,2023/06/02,2,Surgical
237,Patient237,M,2023/06/01,2023/06/03,1,Surgical
238,Patient238,M,2023/06/01,2023/06/05,2,Medical
239,Patient239,F,2023/06/01,2023/06/03,4,Medical
240,Patient240,F,2023/06/01,2023/06/08,2,Surgical
241,Patient241,M,2023/06/01,2023/06/02,1,Medical
242,Patient242,M,2023/06/01,2023/06/07,1,Ortho
243,Patient243,F,2023/06/01,2023/06/08,4,Medical
244,Patient244,M,2023/06/02,2023/06/09,2,Surgical
245,Patient245,M,2023/06/02,2023/06/09,1,Ortho
246,Patient246,F,2023/06/02,2023/06/11,2,Surgical
247,Patient247,F,2023/06/02,2023/06/06,2,Ortho
248,Patient248,F,2023/06/02,2023/06/03,2,Surgical
249,Patient249,M,2023/06/02,2023/06/03,1,Surgical
250,Patient250,M,2023/06/02,2023/06/08,2,Surgical
251,Patient251,M,2023/06/02,2023/06/03,4,Ortho
252,Patient252,F,2023/06/02,2023/06/06,2,Medical
253,Patient253,F,2023/06/02,2023/06/04,4,Ortho
254,Patient254,M,2023/06/02,2023/06/09,2,Surgical
255,Patient255,M,2023/06/02,2023/06/03,1,Ortho
256,Patient256,M,2023/06/02,2023/06/03,2,Medical
257,Patient257,M,2023/06/02,2023/06/09,2,Surgical
258,Patient258,M,2023/06/02,2023/06/04,1,Ortho
259,Patient259,F,2023/06/02,2023/06/09,2,Medical
260,Patient260,M,2023/06/02,2023/06/03,1,Surgical
261,Patient261,F,2023/06/02,2023/06/10,1,Surgical
262,Patient262,M,2023/06/02,2023/06/03,4,Ortho
263,Patient263,F,2023/06/02,2023/06/06,4,Medical
264,Patient264,F,2023/06/02,2023/06/08,2,Ortho
265,Patient265,F,2023/06/02,2023/06/03,4,Medical
266,Patient266,M,2023/06/02,2023/06/11,2,Ortho
267,Patient267,M,2023/06/02,2023/06/04,1,Ortho
268,Patient268,M,2023/06/02,2023/06/10,1,Surgical
269,Patient269,M,2023/06/02,2023/06/10,1,Surgical
270,Patient270,F,2023/06/02,2023/06/04,4,Ortho
271,Patient271,M,2023/06/02,2023/06/11,4,Medical
272,Patient272,M,2023/06/02,2023/06/10,2,Surgical
273,Patient273,M,2023/06/02,2023/06/04,2,Ortho
274,Patient274,M,2023/06/02,2023/06/10,1,Ortho
275,Patient275,F,2023/06/02,2023/06/10,1,Medical
276,Patient276,F,2023/06/02,2023/06/08,1,Medical
277,Patient277,M,2023/06/02,2023/06/11,1,Surgical
278,Patient278,M,2023/06/02,2023/06/04,1,Ortho
279,Patient279,M,2023/06/02,2023/06/09,1,Ortho
280,Patient280,M,2023/06/02,2023/06/11,4,Ortho
281,Patient281,F,2023/06/02,2023/06/08,4,Ortho
282,Patient282,M,2023/06/02,2023/06/09,1,Surgical
283,Patient283,M,2023/06/02,2023/06/09,2,Surgical
284,Patient284,M,2023/06/02,2023/06/04,2,Medical
285,Patient285,M,2023/06/02,2023/06/09,1,Ortho
286,Patient286,F,2023/06/02,2023/06/06,2,Ortho
287,Patient287,F,2023/06/02,2023/06/11,2,Medical
288,Patient288,M,2023/06/02,2023/06/09,2,Ortho
289,Patient289,F,2023/06/02,2023/06/06,1,Surgical
290,Patient290,M,2023/06/02,2023/06/04,1,Surgical
291,Patient291,M,2023/06/02,2023/06/08,1,Ortho
292,Patient292,M,2023/06/02,2023/06/03,2,Ortho
293,Patient293,M,2023/06/02,2023/06/04,1,Surgical
294,Patient294,F,2023/06/03,2023/06/05,4,Medical
295,Patient295,M,2023/06/03,2023/06/10,4,Surgical
296,Patient296,M,2023/06/03,2023/06/11,1,Ortho
297,Patient297,M,2023/06/03,2023/06/04,1,Surgical
298,Patient298,F,2023/06/03,2023/06/05,4,Ortho
299,Patient299,M,2023/06/03,2023/06/05,4,Medical
300,Patient300,M,2023/06/03,2023/06/09,1,Surgical
301,Patient301,M,2023/06/03,2023/06/10,1,Medical
302,Patient302,M,2023/06/03,2023/06/04,1,Ortho
303,Patient303,F,2023/06/03,2023/06/05,2,Surgical
304,Patient304,F,2023/06/03,2023/06/10,2,Ortho
305,Patient305,M,2023/06/03,2023/06/11,1,Medical
306,Patient306,F,2023/06/03,2023/06/04,1,Medical
307,Patient307,M,2023/06/03,2023/06/12,4,Surgical
308,Patient308,F,2023/06/03,2023/06/05,4,Medical
309,Patient309,M,2023/06/03,2023/06/09,2,Medical
310,Patient310,M,2023/06/03,2023/06/04,2,Surgical
311,Patient311,F,2023/06/03,2023/06/04,2,Medical
312,Patient312,M,2023/06/03,2023/06/04,4,Surgical
313,Patient313,F,2023/06/03,2023/06/04,4,Ortho
314,Patient314,M,2023/06/03,2023/06/04,1,Medical
315,Patient315,F,2023/06/03,2023/06/04,2,Surgical
316,Patient316,M,2023/06/03,2023/06/09,1,Surgical
317,Patient317,M,2023/06/03,2023/06/09,4,Medical
318,Patient318,M,2023/06/03,2023/06/04,1,Ortho
319,Patient319,M,2023/06/03,2023/06/09,4,Ortho
320,Patient320,M,2023/06/03,2023/06/04,1,Medical
321,Patient321,M,2023/06/03,2023/06/05,1,Surgical
322,Patient322,F,2023/06/03,2023/06/09,4,Ortho
323,Patient323,F,2023/06/03,2023/06/09,1,Surgical
324,Patient324,F,2023/06/03,2023/06/07,1,Surgical
325,Patient325,F,2023/06/03,2023/06/04,1,Surgical
326,Patient326,M,2023/06/03,2023/06/09,2,Medical
327,Patient327,M,2023/06/03,2023/06/09,1,Surgical
328,Patient328,F,2023/06/03,2023/06/05,4,Medical
329,Patient329,F,2023/06/03,2023/06/09,4,Surgical
330,Patient330,M,2023/06/03,2023/06/04,1,Surgical
331,Patient331,F,2023/06/03,2023/06/04,2,Medical
332,Patient332,F,2023/06/03,2023/06/04,1,Surgical
333,Patient333,M,2023/06/03,2023/06/04,4,Medical
334,Patient334,F,2023/06/03,2023/06/04,1,Surgical
335,Patient335,F,2023/06/03,2023/06/04,4,Medical
336,Patient336,M,2023/06/03,2023/06/07,4,Ortho
337,Patient337,M,2023/06/03,2023/06/10,4,Medical
338,Patient338,F,2023/06/03,2023/06/09,1,Medical
339,Patient339,F,2023/06/03,2023/06/10,1,Ortho
340,Patient340,F,2023/06/03,2023/06/09,1,Ortho
341,Patient341,F,2023/06/03,2023/06/09,4,Surgical
342,Patient342,F,2023/06/03,2023/06/04,2,Surgical
343,Patient343,M,2023/06/03,2023/06/05,4,Surgical
344,Patient344,F,2023/06/03,2023/06/12,4,Ortho
345,Patient345,F,2023/06/03,2023/06/04,2,Ortho
346,Patient346,M,2023/06/03,2023/06/04,2,Medical
347,Patient347,M,2023/06/03,2023/06/09,1,Medical
348,Patient348,F,2023/06/04,2023/06/13,4,Ortho
349,Patient349,F,2023/06/04,2023/06/10,1,Ortho
350,Patient350,F,2023/06/04,2023/06/06,2,Medical
351,Patient351,M,2023/06/04,2023/06/10,4,Medical
352,Patient352,M,2023/06/04,2023/06/13,1,Ortho
353,Patient353,M,2023/06/04,2023/06/06,1,Medical
354,Patient354,M,2023/06/04,2023/06/10,4,Medical
355,Patient355,M,2023/06/04,2023/06/11,2,Surgical
356,Patient356,M,2023/06/04,2023/06/05,2,Surgical
357,Patient357,M,2023/06/04,2023/06/05,2,Surgical
358,Patient358,M,2023/06/04,2023/06/12,4,Ortho
359,Patient359,F,2023/06/04,2023/06/11,2,Ortho
360,Patient360,M,2023/06/04,2023/06/05,4,Medical
361,Patient361,M,2023/06/04,2023/06/06,2,Surgical
362,Patient362,M,2023/06/04,2023/06/13,1,Ortho
363,Patient363,F,2023/06/04,2023/06/10,4,Surgical
364,Patient364,M,2023/06/04,2023/06/05,1,Medical
365,Patient365,F,2023/06/04,2023/06/06,4,Ortho
366,Patient366,F,2023/06/04,2023/06/06,1,Medical
367,Patient367,M,2023/06/04,2023/06/10,1,Ortho
368,Patient368,F,2023/06/04,2023/06/13,2,Ortho
369,Patient369,F,2023/06/04,2023/06/10,4,Medical
370,Patient370,F,2023/06/04,2023/06/06,4,Ortho
371,Patient371,F,2023/06/04,2023/06/05,4,Surgical
372,Patient372,M,2023/06/04,2023/06/05,1,Ortho
373,Patient373,M,2023/06/04,2023/06/05,1,Ortho
374,Patient374,M,2023/06/04,2023/06/05,4,Medical
375,Patient375,F,2023/06/04,2023/06/05,4,Medical
376,Patient376,F,2023/06/04,2023/06/05,1,Surgical
377,Patient377,M,2023/06/04,2023/06/13,1,Surgical
378,Patient378,M,2023/06/04,2023/06/10,1,Medical
379,Patient379,M,2023/06/04,2023/06/11,4,Surgical
380,Patient380,M,2023/06/04,2023/06/08,2,Surgical
381,Patient381,F,2023/06/04,2023/06/10,4,Ortho
382,Patient382,F,2023/06/04,2023/06/11,1,Surgical
383,Patient383,F,2023/06/04,2023/06/05,2,Medical
384,Patient384,M,2023/06/04,2023/06/05,1,Medical
385,Patient385,M,2023/06/04,2023/06/10,2,Surgical
386,Patient386,M,2023/06/04,2023/06/05,2,Ortho
387,Patient387,M,2023/06/04,2023/06/05,1,Ortho
388,Patient388,M,2023/06/04,2023/06/11,4,Surgical
389,Patient389,M,2023/06/04,2023/06/06,4,Surgical
390,Patient390,M,2023/06/04,2023/06/05,2,Medical
391,Patient391,M,2023/06/04,2023/06/05,1,Ortho
392,Patient392,F,2023/06/04,2023/06/11,2,Ortho
393,Patient393,M,2023/06/04,2023/06/11,1,Surgical
394,Patient394,M,2023/06/04,2023/06/05,1,Surgical
395,Patient395,F,2023/06/04,2023/06/05,1,Surgical
396,Patient396,M,2023/06/04,2023/06/06,4,Ortho
397,Patient397,F,2023/06/04,2023/06/10,2,Ortho
398,Patient398,M,2023/06/04,2023/06/10,2,Medical
399,Patient399,F,2023/06/04,2023/06/05,2,Surgical
400,Patient400,F,2023/06/04,2023/06/05,1,Medical
401,Patient401,M,2023/06/04,2023/06/05,4,Ortho
402,Patient402,M,2023/06/04,2023/06/10,1,Medical
403,Patient403,F,2023/06/04,2023/06/05,1,Surgical
404,Patient404,F,2023/06/04,2023/06/10,2,Surgical
405,Patient405,M,2023/06/04,2023/06/06,2,Ortho
406,Patient406,F,2023/06/04,2023/06/11,4,Surgical
407,Patient407,F,2023/06/04,2023/06/05,2,Ortho
408,Patient408,F,2023/06/04,2023/06/05,1,Ortho
409,Patient409,F,2023/06/04,2023/06/06,1,Medical
410,Patient410,M,2023/06/04,2023/06/06,1,Surgical
411,Patient411,M,2023/06/04,2023/06/10,1,Ortho
412,Patient412,F,2023/06/04,2023/06/12,2,Ortho
413,Patient413,F,2023/06/04,2023/06/05,4,Medical
414,Patient414,F,2023/06/04,2023/06/08,1,Ortho
415,Patient415,M,2023/06/04,2023/06/05,2,Ortho
416,Patient416,F,2023/06/04,2023/06/05,4,Ortho
417,Patient417,M,2023/06/04,2023/06/08,4,Medical
418,Patient418,M,2023/06/04,2023/06/06,2,Surgical
419,Patient419,F,2023/06/04,2023/06/06,4,Medical
420,Patient420,F,2023/06/04,2023/06/10,4,Ortho
421,Patient421,M,2023/06/05,2023/06/11,4,Surgical
422,Patient422,M,2023/06/05,2023/06/12,2,Surgical
423,Patient423,M,2023/06/05,2023/06/11,2,Ortho
424,Patient424,F,2023/06/05,2023/06/07,4,Medical
425,Patient425,F,2023/06/05,2023/06/14,1,Ortho
426,Patient426,F,2023/06/05,2023/06/11,1,Surgical
427,Patient427,F,2023/06/05,2023/06/06,4,Ortho
428,Patient428,F,2023/06/05,2023/06/11,4,Medical
429,Patient429,M,2023/06/05,2023/06/11,1,Medical
430,Patient430,F,2023/06/05,2023/06/06,4,Surgical
431,Patient431,M,2023/06/05,2023/06/11,4,Medical
432,Patient432,M,2023/06/05,2023/06/14,1,Surgical
433,Patient433,F,2023/06/05,2023/06/06,2,Surgical
434,Patient434,F,2023/06/05,2023/06/09,4,Surgical
435,Patient435,F,2023/06/05,2023/06/07,2,Medical
436,Patient436,F,2023/06/05,2023/06/06,2,Surgical
437,Patient437,F,2023/06/05,2023/06/14,4,Surgical
438,Patient438,F,2023/06/05,2023/06/06,1,Medical
439,Patient439,F,2023/06/05,2023/06/11,4,Ortho
440,Patient440,M,2023/06/05,2023/06/07,4,Surgical
441,Patient441,M,2023/06/05,2023/06/06,4,Surgical
442,Patient442,F,2023/06/05,2023/06/13,4,Ortho
443,Patient443,M,2023/06/05,2023/06/12,4,Surgical
444,Patient444,F,2023/06/05,2023/06/07,1,Surgical
445,Patient445,F,2023/06/05,2023/06/06,2,Medical
446,Patient446,F,2023/06/05,2023/06/11,1,Ortho
447,Patient447,F,2023/06/05,2023/06/06,2,Ortho
448,Patient448,F,2023/06/05,2023/06/12,1,Ortho
449,Patient449,F,2023/06/05,2023/06/11,2,Medical
450,Patient450,F,2023/06/05,2023/06/14,2,Ortho
451,Patient451,F,2023/06/05,2023/06/06,4,Medical
452,Patient452,M,2023/06/05,2023/06/06,2,Surgical
453,Patient453,M,2023/06/05,2023/06/14,2,Ortho
454,Patient454,M,2023/06/05,2023/06/12,1,Medical
455,Patient455,F,2023/06/05,2023/06/06,4,Ortho
456,Patient456,M,2023/06/05,2023/06/14,4,Medical
457,Patient457,M,2023/06/05,2023/06/06,2,Medical
458,Patient458,F,2023/06/05,2023/06/14,2,Ortho
459,Patient459,M,2023/06/05,2023/06/11,4,Medical
460,Patient460,M,2023/06/05,2023/06/09,1,Medical
461,Patient461,F,2023/06/05,2023/06/11,1,Medical
462,Patient462,M,2023/06/05,2023/06/06,1,Ortho
463,Patient463,F,2023/06/05,2023/06/11,4,Surgical
464,Patient464,M,2023/06/05,2023/06/06,2,Medical
465,Patient465,F,2023/06/05,2023/06/12,2,Ortho
466,Patient466,F,2023/06/05,2023/06/07,4,Ortho
467,Patient467,F,2023/06/05,2023/06/07,2,Medical
468,Patient468,F,2023/06/05,2023/06/11,2,Ortho
469,Patient469,M,2023/06/05,2023/06/11,4,Medical
470,Patient470,M,2023/06/05,2023/06/09,1,Ortho
471,Patient471,M,2023/06/05,2023/06/11,2,Medical
472,Patient472,F,2023/06/05,2023/06/06,4,Ortho
473,Patient473,M,2023/06/05,2023/06/06,1,Surgical
474,Patient474,F,2023/06/05,2023/06/11,1,Surgical
475,Patient475,M,2023/06/05,2023/06/07,1,Surgical
476,Patient476,F,2023/06/05,2023/06/09,2,Medical
477,Patient477,M,2023/06/05,2023/06/14,1,Medical
478,Patient478,M,2023/06/05,2023/06/12,2,Ortho
479,Patient479,F,2023/06/06,2023/06/07,2,Surgical
480,Patient480,F,2023/06/06,2023/06/14,2,Ortho
481,Patient481,F,2023/06/06,2023/06/12,2,Medical
482,Patient482,F,2023/06/06,2023/06/13,2,Ortho
483,Patient483,F,2023/06/06,2023/06/15,4,Medical
484,Patient484,F,2023/06/06,2023/06/14,2,Surgical
485,Patient485,F,2023/06/06,2023/06/08,2,Medical
486,Patient486,M,2023/06/06,2023/06/13,1,Ortho
487,Patient487,F,2023/06/06,2023/06/07,4,Medical
488,Patient488,F,2023/06/06,2023/06/07,2,Surgical
489,Patient489,M,2023/06/06,2023/06/07,1,Ortho
490,Patient490,M,2023/06/06,2023/06/15,1,Ortho
491,Patient491,F,2023/06/06,2023/06/15,2,Medical
492,Patient492,M,2023/06/06,2023/06/07,2,Ortho
493,Patient493,F,2023/06/06,2023/06/13,2,Surgical
494,Patient494,M,2023/06/06,2023/06/15,4,Medical
495,Patient495,F,2023/06/06,2023/06/13,1,Medical
496,Patient496,M,2023/06/06,2023/06/07,1,Medical
497,Patient497,F,2023/06/07,2023/06/16,4,Medical
498,Patient498,M,2023/06/07,2023/06/15,4,Ortho
499,Patient499,M,2023/06/07,2023/06/09,2,Medical
500,Patient500,M,2023/06/07,2023/06/08,1,Surgical
501,Patient501,M,2023/06/07,2023/06/09,4,Medical
502,Patient502,M,2023/06/07,2023/06/15,1,Surgical
503,Patient503,F,2023/06/07,2023/06/08,4,Ortho
504,Patient504,F,2023/06/07,2023/06/13,4,Surgical
505,Patient505,M,2023/06/07,2023/06/08,1,Surgical
506,Patient506,M,2023/06/07,2023/06/13,4,Surgical
507,Patient507,M,2023/06/07,2023/06/08,1,Ortho
508,Patient508,F,2023/06/07,2023/06/16,2,Surgical
509,Patient509,M,2023/06/07,2023/06/16,4,Surgical
510,Patient510,F,2023/06/07,2023/06/13,1,Surgical
511,Patient511,F,2023/06/07,2023/06/15,2,Surgical
512,Patient512,M,2023/06/07,2023/06/08,2,Surgical
513,Patient513,F,2023/06/07,2023/06/14,1,Medical
514,Patient514,M,2023/06/07,2023/06/11,2,Medical
515,Patient515,M,2023/06/08,2023/06/09,4,Surgical
516,Patient516,F,2023/06/08,2023/06/09,1,Medical
517,Patient517,M,2023/06/08,2023/06/16,2,Ortho
518,Patient518,M,2023/06/08,2023/06/10,2,Medical
519,Patient519,F,2023/06/08,2023/06/14,2,Medical
520,Patient520,M,2023/06/08,2023/06/14,2,Medical
521,Patient521,M,2023/06/08,2023/06/17,1,Ortho
522,Patient522,M,2023/06/08,2023/06/14,1,Ortho
523,Patient523,M,2023/06/08,2023/06/15,2,Ortho
524,Patient524,F,2023/06/08,2023/06/15,1,Surgical
525,Patient525,M,2023/06/08,2023/06/12,2,Surgical
526,Patient526,M,2023/06/08,2023/06/09,2,Surgical
527,Patient527,F,2023/06/08,2023/06/09,2,Medical
528,Patient528,F,2023/06/08,2023/06/14,2,Ortho
529,Patient529,M,2023/06/08,2023/06/10,2,Medical
530,Patient530,M,2023/06/08,2023/06/09,4,Medical
531,Patient531,F,2023/06/08,2023/06/14,4,Ortho
532,Patient532,F,2023/06/08,2023/06/15,1,Ortho
533,Patient533,M,2023/06/08,2023/06/17,4,Surgical
534,Patient534,F,2023/06/08,2023/06/09,4,Medical
535,Patient535,M,2023/06/08,2023/06/14,2,Surgical
536,Patient536,F,2023/06/08,2023/06/16,1,Ortho
537,Patient537,M,2023/06/08,2023/06/09,2,Surgical
538,Patient538,M,2023/06/08,2023/06/09,2,Medical
539,Patient539,F,2023/06/08,2023/06/10,2,Ortho
540,Patient540,F,2023/06/08,2023/06/09,2,Medical
541,Patient541,M,2023/06/08,2023/06/09,1,Medical
542,Patient542,M,2023/06/08,2023/06/15,2,Surgical
543,Patient543,M,2023/06/08,2023/06/09,2,Ortho
544,Patient544,M,2023/06/08,2023/06/15,4,Medical
545,Patient545,M,2023/06/08,2023/06/10,1,Medical
546,Patient546,M,2023/06/09,2023/06/15,1,Ortho
547,Patient547,M,2023/06/09,2023/06/11,1,Medical
548,Patient548,F,2023/06/09,2023/06/15,4,Medical
549,Patient549,M,2023/06/09,2023/06/17,4,Surgical
550,Patient550,M,2023/06/09,2023/06/15,2,Medical
551,Patient551,M,2023/06/09,2023/06/10,1,Medical
552,Patient552,F,2023/06/09,2023/06/16,1,Ortho
553,Patient553,M,2023/06/09,2023/06/10,4,Medical
554,Patient554,F,2023/06/09,2023/06/13,4,Surgical
555,Patient555,F,2023/06/09,2023/06/11,1,Ortho
556,Patient556,M,2023/06/09,2023/06/15,1,Medical
557,Patient557,M,2023/06/09,2023/06/10,1,Medical
558,Patient558,F,2023/06/09,2023/06/17,2,Surgical
559,Patient559,F,2023/06/09,2023/06/15,2,Medical
560,Patient560,M,2023/06/09,2023/06/16,1,Medical
561,Patient561,M,2023/06/09,2023/06/15,4,Medical
562,Patient562,F,2023/06/09,2023/06/10,4,Surgical
563,Patient563,M,2023/06/09,2023/06/11,4,Medical
564,Patient564,M,2023/06/09,2023/06/10,4,Medical
565,Patient565,M,2023/06/09,2023/06/15,4,Medical
566,Patient566,M,2023/06/09,2023/06/11,4,Ortho
567,Patient567,M,2023/06/09,2023/06/11,2,Medical
568,Patient568,F,2023/06/09,2023/06/10,2,Medical
569,Patient569,M,2023/06/09,2023/06/16,4,Medical
570,Patient570,M,2023/06/09,2023/06/16,2,Ortho
571,Patient571,F,2023/06/09,2023/06/10,2,Surgical
572,Patient572,F,2023/06/09,2023/06/10,4,Surgical
573,Patient573,F,2023/06/09,2023/06/15,2,Surgical
574,Patient574,F,2023/06/09,2023/06/18,1,Ortho
575,Patient575,F,2023/06/09,2023/06/15,2,Ortho
576,Patient576,F,2023/06/10,2023/06/12,2,Ortho
577,Patient577,M,2023/06/10,2023/06/18,1,Ortho
578,Patient578,F,2023/06/10,2023/06/12,4,Medical
579,Patient579,F,2023/06/10,2023/06/16,2,Medical
580,Patient580,F,2023/06/10,2023/06/12,2,Medical
581,Patient581,M,2023/06/10,2023/06/12,4,Ortho
582,Patient582,F,2023/06/10,2023/06/11,1,Medical
583,Patient583,F,2023/06/10,2023/06/16,1,Surgical
584,Patient584,M,2023/06/10,2023/06/11,1,Medical
585,Patient585,F,2023/06/10,2023/06/17,4,Surgical
586,Patient586,F,2023/06/10,2023/06/19,4,Surgical
587,Patient587,M,2023/06/10,2023/06/11,2,Ortho
588,Patient588,M,2023/06/10,2023/06/12,1,Medical
589,Patient589,M,2023/06/10,2023/06/17,1,Medical
590,Patient590,M,2023/06/10,2023/06/12,4,Ortho
591,Patient591,F,2023/06/10,2023/06/11,4,Ortho
592,Patient592,M,2023/06/10,2023/06/17,2,Medical
593,Patient593,M,2023/06/10,2023/06/17,2,Surgical
594,Patient594,F,2023/06/10,2023/06/17,4,Medical
595,Patient595,F,2023/06/10,2023/06/16,1,Surgical
596,Patient596,M,2023/06/10,2023/06/12,2,Medical
597,Patient597,F,2023/06/10,2023/06/12,2,Ortho
598,Patient598,F,2023/06/10,2023/06/18,2,Surgical
599,Patient599,F,2023/06/10,2023/06/11,4,Surgical
600,Patient600,F,2023/06/10,2023/06/17,4,Medical
601,Patient601,M,2023/06/10,2023/06/11,1,Surgical
602,Patient602,M,2023/06/10,2023/06/16,1,Ortho
603,Patient603,F,2023/06/10,2023/06/17,1,Medical
604,Patient604,F,2023/06/10,2023/06/12,4,Ortho
605,Patient605,F,2023/06/10,2023/06/17,1,Ortho
606,Patient606,M,2023/06/10,2023/06/18,4,Medical
607,Patient607,F,2023/06/10,2023/06/16,1,Medical
608,Patient608,M,2023/06/10,2023/06/17,4,Ortho
609,Patient609,F,2023/06/10,2023/06/12,1,Ortho
610,Patient610,M,2023/06/10,2023/06/11,4,Medical
611,Patient611,F,2023/06/10,2023/06/17,1,Ortho
612,Patient612,F,2023/06/11,2023/06/18,2,Surgical
613,Patient613,M,2023/06/11,2023/06/17,2,Ortho
614,Patient614,F,2023/06/11,2023/06/13,1,Surgical
615,Patient615,M,2023/06/11,2023/06/18,2,Medical
616,Patient616,F,2023/06/11,2023/06/12,4,Medical
617,Patient617,M,2023/06/11,2023/06/12,2,Medical
618,Patient618,M,2023/06/11,2023/06/17,1,Surgical
619,Patient619,F,2023/06/11,2023/06/12,4,Ortho
620,Patient620,M,2023/06/11,2023/06/18,4,Medical
621,Patient621,F,2023/06/11,2023/06/18,4,Surgical
622,Patient622,F,2023/06/11,2023/06/18,1,Medical
623,Patient623,M,2023/06/11,2023/06/12,1,Ortho
624,Patient624,M,2023/06/11,2023/06/15,1,Surgical
625,Patient625,F,2023/06/11,2023/06/18,2,Medical
626,Patient626,F,2023/06/11,2023/06/12,4,Surgical
627,Patient627,M,2023/06/11,2023/06/12,2,Ortho
628,Patient628,M,2023/06/11,2023/06/13,4,Ortho
629,Patient629,F,2023/06/11,2023/06/12,1,Ortho
630,Patient630,M,2023/06/11,2023/06/12,4,Surgical
631,Patient631,F,2023/06/11,2023/06/13,1,Surgical
632,Patient632,F,2023/06/11,2023/06/13,2,Ortho
633,Patient633,F,2023/06/11,2023/06/15,1,Surgical
634,Patient634,M,2023/06/11,2023/06/17,1,Ortho
635,Patient635,M,2023/06/11,2023/06/17,1,Medical
636,Patient636,F,2023/06/11,2023/06/20,1,Ortho
637,Patient637,F,2023/06/11,2023/06/17,4,Medical
638,Patient638,M,2023/06/11,2023/06/12,2,Ortho
639,Patient639,F,2023/06/11,2023/06/20,4,Surgical
640,Patient640,F,2023/06/11,2023/06/15,1,Surgical
641,Patient641,M,2023/06/12,2023/06/18,1,Ortho
642,Patient642,M,2023/06/12,2023/06/16,4,Surgical
643,Patient643,F,2023/06/12,2023/06/14,2,Ortho
644,Patient644,F,2023/06/12,2023/06/21,2,Ortho
645,Patient645,F,2023/06/12,2023/06/13,2,Ortho
646,Patient646,F,2023/06/12,2023/06/14,1,Medical
647,Patient647,F,2023/06/12,2023/06/18,2,Surgical
648,Patient648,M,2023/06/12,2023/06/18,2,Surgical
649,Patient649,M,2023/06/12,2023/06/18,4,Medical
650,Patient650,M,2023/06/12,2023/06/16,2,Surgical
651,Patient651,M,2023/06/12,2023/06/13,4,Ortho
652,Patient652,F,2023/06/12,2023/06/14,1,Medical
653,Patient653,F,2023/06/12,2023/06/14,4,Medical
654,Patient654,M,2023/06/12,2023/06/18,1,Ortho
655,Patient655,M,2023/06/12,2023/06/13,4,Surgical
656,Patient656,M,2023/06/12,2023/06/19,1,Ortho
657,Patient657,F,2023/06/12,2023/06/18,2,Surgical
658,Patient658,M,2023/06/12,2023/06/18,2,Ortho
659,Patient659,F,2023/06/12,2023/06/13,2,Surgical
660,Patient660,F,2023/06/12,2023/06/13,4,Medical
661,Patient661,F,2023/06/12,2023/06/13,4,Ortho
662,Patient662,M,2023/06/12,2023/06/19,4,Ortho
663,Patient663,F,2023/06/12,2023/06/18,4,Medical
664,Patient664,M,2023/06/12,2023/06/14,2,Ortho
665,Patient665,F,2023/06/12,2023/06/20,4,Medical
666,Patient666,M,2023/06/12,2023/06/13,2,Ortho
667,Patient667,M,2023/06/12,2023/06/14,2,Surgical
668,Patient668,M,2023/06/12,2023/06/18,4,Ortho
669,Patient669,M,2023/06/12,2023/06/19,2,Ortho
670,Patient670,F,2023/06/12,2023/06/14,1,Surgical
671,Patient671,F,2023/06/12,2023/06/18,2,Surgical
672,Patient672,F,2023/06/12,2023/06/19,4,Ortho
673,Patient673,F,2023/06/13,2023/06/14,4,Medical
674,Patient674,F,2023/06/13,2023/06/22,4,Medical
675,Patient675,M,2023/06/13,2023/06/15,1,Surgical
676,Patient676,F,2023/06/13,2023/06/15,2,Surgical
677,Patient677,M,2023/06/13,2023/06/22,1,Medical
678,Patient678,M,2023/06/13,2023/06/20,2,Ortho
679,Patient679,F,2023/06/13,2023/06/20,2,Ortho
680,Patient680,F,2023/06/13,2023/06/20,1,Medical
681,Patient681,M,2023/06/13,2023/06/17,4,Surgical
682,Patient682,F,2023/06/13,2023/06/20,2,Medical
683,Patient683,M,2023/06/13,2023/06/15,2,Surgical
684,Patient684,F,2023/06/14,2023/06/21,4,Ortho
685,Patient685,M,2023/06/14,2023/06/16,1,Medical
686,Patient686,M,2023/06/14,2023/06/20,1,Surgical
687,Patient687,F,2023/06/14,2023/06/20,1,Surgical
688,Patient688,F,2023/06/14,2023/06/20,2,Ortho
689,Patient689,M,2023/06/14,2023/06/21,1,Surgical
690,Patient690,M,2023/06/14,2023/06/21,4,Ortho
691,Patient691,M,2023/06/14,2023/06/21,2,Surgical
692,Patient692,M,2023/06/14,2023/06/20,4,Surgical
693,Patient693,F,2023/06/14,2023/06/15,2,Ortho
