,the ID of the patients,"the gender of each patients (F is female, M is male)","the admission time (prefer hour scale) (eg. 2023_6_1_23 means 2023/6/1, 23 pm)","the discharge time (prefer hour scale) (eg. 2023_6_1_23 means 2023/6/1, 23 pm)","the room preference of the patient (1 means single, 2 means twin, 4 means ward)","the department of the patients (eg. Surgical, medical, private)"
1,S110292837,F,2023/6/1,2023/6/10,2,Surgical
2,S1,M,2023/6/3,2023/6/13,2,Surgical
3,S2,M,2023/6/3,2023/6/13,2,Surgical
4,S3,F,2023/6/1,2023/6/10,2,Surgical
